"","Title","Upvotes","Content","Pics"
"1","Don't do Underwaters Alone","1600"," No Text",FALSE
"2","Same tech suit problems","264"," No Text",TRUE
"3","With new ways to play, greater customization, and more exciting new paths to rake in rewards ‚Äî this is the biggest and best Show ever. Write your own baseball legacy in an expansive RPG experience, or create your dream team and compete online.","78"," No Text",TRUE
"4","Weekly /r/Swimming Accomplishment Thread March 08, 2020- Did you in fact, Swimmit?","33"," Please use this thread to discuss your recent swimming achievements. Did you win ALL the Olympics? Or City, states, regionals, nationals? Qualify for a new division? Sign to a college swim team? Did you accomplish your first non-stop 25 metres, go to your first adult swim lesson or get out of your depth? Did you swim the Channel, or any channel? Did you do your first 1k open water swim, nail your flip turn and start or complete the Zero to a Mile challenge? Did you vanquish? Or maybe buy your first Vanquishers? Or did you just realise that damn, you feel good in Speedoes? Or even God? WHATEVER YOU ACCOMPLISHED, WELL DONE! Once working correctly, Weekly Accomplishment threads will re-occur every Sunday afternoon GMT. Beginner & Intermediate Swimmers Resources and Q&A threads will occur on Friday morning GMT.",FALSE
"5","I JUST WENT A 53.81 100 FREE!!!","7"," and my mom didn‚Äôt record it.",FALSE
"6","Tech Suit Bag","2"," Hi everyone, I'm looking for a recommendation for a small bag that I can keep my tech suit in. I recently bought a Mizuno GX-IV MR, which was an expensive suit but only came in a flimsy cardboard box. I was wondering if I could buy a small bag for suits, kind of like the ones that come with Arena suits. I couldn't find exactly what I was looking for on Amazon, so I was wondering if any of you guys had recommendations. Thank you!",FALSE
"7","Insecure","2"," Hey, Im(16F) new to this subreddit Okay, so I am borderline obese and veeerryyyy insecure about my body. However, I have always loved swimming and want to start again. Another problem I face is that Im very tomboyish, so much so that I have been kicked out of female toilets before. This again bleeds into my crippling fear of the wardrobe situation. I guess what I am asking for is any advice on how to feel less insecure in the wardrobe, and what to do if someone takes me for a dude?",FALSE
"8","Is there away i can introduce weights to my swims?","54"," Is there any dumbbells or anything i can use in the water so i can start weight training while swimming or is that just for the gym only?",FALSE
"9","A Question to Those Experienced in Resistance Training","18"," I regularly do distance swims anywhere from 2.5 to 5 miles and I‚Äôve been looking for ways to push myself a little harder. I‚Äôve looked at parachutes, bands and drag suits. The general consensus seems to be that drag suits alter form and should only be used in short bursts, but what of parachutes and bands? I swim alone with no coach or trainer, so I‚Äôm primarily worried about maintaining my form. Will it begin to change subconsciously if I use resistance equipment for long distance swims?",FALSE
"10","Wanna start selling your products online, but don't wanna spend too much time away from Reddit? We got you, friend. With Square Online Store you can build and launch your site so fast you'll barely have to leave Reddit. Bonus: our free plan has no monthly fees--pay only 2.9% + 30¬¢ per transaction.","100"," No Text",TRUE
"11","Appreciate some feedback!","1"," https://imgur.com/a/Y4t1Rg3",FALSE
"12","How do I breath without stopping when during a freestyle?","1"," I keep trying but every time I just keep sinking and have to get up for air.",FALSE
"13","Swim workouts","1"," I played water polo for 6 years, but i stopped 2 years ago, and now i joined my schools swim club because i want to get back into water polo, but my energy was always really bad even back when i played, so i was wondering how to best improve my stamina so i can swim faster for longer",FALSE
"14","Scissor kick in breaststroke has made me never swim a legal 50. I‚Äôve heard it was genetics.","0"," I‚Äôve started swimming when I was five and started competitively when I was ten. My worst stroke is breaststroke for one reason, scissor kick. Don‚Äôt get me wrong, I try very hard in breaststroke and Ive tried since I stepped foot in the pool, but it has never been fixed. I‚Äôve met a few people like this and they say its genetics. Is there anyone who has had this and fixed it? Am I cursed? Let me know. EDIT: If anyone doesn‚Äôt know what scissor kick is, one foot is in and one foot is out when you‚Äôre doing breaststroke kid, making it look weird and slowing you down.",FALSE
"15","How should you maintain your body core while swimming ?","18"," Hello, I have been swimming a lot for leisure but I always felt that there‚Äôs something wrong with my form. My question is specific to body core and what role it plays in swimming perfectly.",FALSE
"16","We not only won, but our C relay for the 4x100 Free got a nice time","473"," No Text",TRUE
"17","Trying to understand where my flaws are from some swimming data I've recorded","1"," Hi r/swimming  I swim 1km freestyle each day, and do a little weightlifting afterwards trying to improve my freestyle. I've never done any drills, and I only swim freestyle.  The pool is 25 yards (so yes, I end up actually swimming 44 lengths, not 40). I don't flip turn; I push off the wall and streamline to the surface, but I don't dolphin kick.  With all of that in mind my time per 100m is almost exactly 2m, with my 1km time consistently at almost exactly 20m. My strokes per 25 yards is usually 10. If I increase my stroke rate and pull harder, I have done some intervals at about 1m30s. I'm not sure how long I could sustain that, or what percentage of my maximum effort that is.",FALSE
"18","Do i have weak legs or are my fins to blame?","5"," Recently joined swim team, im the only one that uses short blade fins. Whenever we do sets with fins, im always lagging behind but when we do sets without fins, i do well",FALSE
"19","Hey guys dropped a second on my time and got a 26!","37"," No Text",FALSE
"20","Choose from more than 300 Heroes, each with his or her own unique skills ‚Äì Raid Shadow Legends Download to your PC for Free!","2"," No Text",TRUE
"21","Are form goggles a gimmick?","6"," I saw an ad for these today. They seem like a cool concept but my question is it practical? Anyone have experience with these? (https://www.formswim.com)",FALSE
"22","This is my second time swimming in around 4 years, should I be impressed with these statistics? I play football also so I have a basic level of fitness jus looking for advice few tips to burn more calories/muscle etc..","2"," No Text",TRUE
"23","I just swam my first 500!","12"," I‚Äôm a freshman swimming varsity and I just swam my first 500 today! I about had a heart attack when u saw the heat sheet my coach put up, I definitely didn‚Äôt ask to be put in the 500, but I loved it! My time was in the 7 minute range( don‚Äôt know the exact time) but I got third! Never thought I‚Äôd say this but I think I really like the 500",FALSE
"24","Workout #5","3"," 3/6/2020 Warm Up: 300 swim, 100 kick, 200 swim, 100 buoy, 100 swim, 100 drill, 100 choice Pre-Set: 12x50 or 25 choice on :55.12x50 or 25 free on :50100 ez choice Main Set:8x25 fast sprint choice on :454x50 choice on 1:004x100 or 75 or 50 free snorkel on 1:254x50 or 25 choice on 1:004x100 or 75 or 50 free on 1:204x50 or 25 choice on 1:008x25 fast sprint on :458x50 or 25 choice on 1:00 Starts off blocks for 10 mins",FALSE
"25","our team got 4:20.69 on our 5x100im relay meet","941"," No Text",TRUE
"26","Overtraining...maybe. Looking for someone to shed some light on what I am going through.","5"," It all started back in September, but I won‚Äôt bore you with too many specifics. I started noticing practices getting way harder without the actual sets getting harder. My resting heart rate was about 15 bpm higher than normal and BP was very high. During easy sets at practice my HR would go through the roof. My parents took me to get all these tests done: a stress test, EKG, and a ultra sound type thing on my heart. Everything checked out fine. But I didn‚Äôt feel fine. I felt exhausted all the time, mentally and physically. I had no other option than to struggle along and push hard through the rest of my senior season.... Now, it has been a month since the State meet where my season ended. For the past month I have been just going home after school and eating Doritos, being lazy. And my resting heart rate in the morning and blood pressure are still very high. It also feels like every now and then I have heavy heartbeats? It‚Äôs frustrating and I thought by now, with a whole month of rest that my body should be back to normal. But I‚Äôm not, I haven‚Äôt seemed to have gotten any healthier. I just hope it is overtraining that I am suffering from and that maybe another month of rest will help. Anyone with a similar experience who can help me out here and maybe give me a glimmer of hope?",FALSE
"27","Can someone critique my underwater to make it more efficient?","4"," No Text",FALSE
"28","Any tips of how not to be itchy","3"," I‚Äôm always itchy after practice and when I go to bed I take a shower and put on lotion but nothing seems to work.",FALSE
"29","With new ways to play, greater customization, and more exciting new paths to rake in rewards ‚Äî this is the biggest and best Show ever. Write your own baseball legacy in an expansive RPG experience, or create your dream team and compete online.","76"," No Text",TRUE
"30","Pool Etiquette","2"," Does anyone else feel weird going to a pool by yourself and there‚Äôs only la mother daughter there. Curious if this makes anyone else feel awkward.",FALSE
"31","Surface area","0"," Does training to get swole fore arms help front crawl due to increased surface area on your strokes?",FALSE
"32","Thank you for showing us how tightly your tech suits fit Finis!","2"," No Text",TRUE
"33","The Open Water Swimmer‚Äôs Dilemma - Enthusiasm or Caution","5"," No Text",FALSE
"34","I had a horrible championship meet","5"," I don‚Äôt know how to recover. I‚Äôve been having very dark thoughts and I feel like quitting. I just don‚Äôt know what i can do anymore.",FALSE
"35","Morning training","2"," Competitive swimmer here. Was wondering what should you be eating before practise in the mornings. Is it any different or is there a specific time that you should eat before?",FALSE
"36","Need tips for getting used to the water.","2"," So I'm planning on performing some physical tests for a job, where I have to tread water with arms in the air, dive to the bottom of the pool several times, and forward and backwards underwater somersaults. Does anybody have any tips on how to get better at this? I am training everyday and swimming a few times per week, once per week I do a freestyle swimming course. I have improved to the point where I can dive down 5 times at 4 meters depth in 45 seconds.",FALSE
"37","Workout #4","6"," Warm Up: 500 swim, 200 drill, 200 buoy, 100 choice Pre-Set: 2x50 or 25 choice on 1:00.2x100 or 75 or 50 free on 1:40.2x150 or 125 or 100 or 75 choice, free, choice x50 on 2:40.2x200 or 175 or 150 or 125 or 100 free on 3:10.100 ez choice. Main Set: 2x through.4x125 or 100 or 75 free (1- snorkel, 2-paddles & buoy) on 1:50.2x100 or 75 or 50 IM on 1:55.4x25 fast choice on :45.6x50 or 25 choice on :55. 4,300 yards",FALSE
"38","3/6 Friday Masters Workout - Short Course","5"," For those that would like some variation and/or a more structured workout, I provide for you our groups workout from today. Our workouts are split into 5 different skill levels. Choose the column that works best for you and if you find that you are consistently getting more rest than column 5, move up a level. Because this is Masters, feel free to add/subtract/or modify in anyway you see fit. Here is a link to my google drive with previous workouts - https://drive.google.com/drive/folders/1tHrMzBZWcVHQcs03vZX8rNQ73mdyR1j7?usp=sharing If you are interested in joining a masters swim club, here is a link to help you find a local club near you. https://www.usms.org/clubs Notes for this set: -None",FALSE
"39","Wanna start selling your products online, but don't wanna spend too much time away from Reddit? We got you, friend. With Square Online Store you can build and launch your site so fast you'll barely have to leave Reddit. Bonus: our free plan has no monthly fees--pay only 2.9% + 30¬¢ per transaction.","99"," No Text",TRUE
"40","Earplugs question, should it be this uncomfortable / knack to inserting without creating pressure fullness?","1"," I've always had trouble with my ears (had glue ear as a kid, then a perforated ear drum in right ear which didn't heal so they operated on it with a skin graft, years later they said left one was perforated but nothing was done about it, I presume it healed as that was probably a decade ago but maybe not, it's never caused me a problem so never had it re-checked). I've been casually swimming for exercise for years with my head above water (initially as I was concerned about getting them wet, but then just because as I don't like the feeling of going under and the water rushing into my ears). Water does still splash in my ears but never causes me any problems. I've recently been going more frequently though & want to learn to go underwater and swim properly so that I'm not straining my neck.  To get used to going under the water I've tried using a headband called Ear Band-It with & without silicon putty moldable earplugs. I had some success partially dipping under the water with just the band, but water gets in over the top if I go fully under, leaving me feeling the need to keep lifting the band to let the water out. With the moldable ear plugs inserted, they fit fine but as soon as I get it to seal properly (this is before even going near water) everything is immediately quite uncomfortable in my right ear in which I experience a feeling of fullness and constant loud rumbling sound like it needs to be popped big time (but I don't think it does) the only relief is unsealing the plug slightly to let the air flow and release the pressure ‚Äì if it's not sealed properly though it's obviously no good in the water, and if it is sealed there's too much unpleasantness, so I gave up trying to use them. My right ear simply feels horrible if I plug it with anything. I even have this problem to a lesser extent when the headband is on tight without the earplugs ‚Äì it has a pretty good but imperfect seal and can produce quite a pop when I remove it or lift it up to let water out of my right ear.  Finally I tried Mack's AquaBlock earplugs (without headband), somehow I guess it just went in ok that time and wow I was able to swim for about 30 mins and go right down under at the deep end, I experienced really swimming underwater properly and just being down there for the first time in my life, it's amazing and I want to swim like that all the time now! Unfortunately then after a while I adjusted my right ear plug and it got uncomfortable again a bit like the other plugs were in the beginning, and I felt unable to put the plug fully back in, because as soon as it begins to create a seal I feel that uncomfortable air pressure and popping (popping at the seal, I don't mean what you'd think of as popping your ears) and it's just as though my ear is resisting something being in there.  I'm wondering why it worked so well for that period of time and then I really struggled to get comfortable again, is there a knack to the way I put it in that first time to release any air pressure at the same time as it went in? My left ear seems to be happy whatever I do with it really, I can insert & remove plugs any time and can tell that it's sealed but do not hear any of that loud rumbling or popping or discomfort whatsoever. Things are just maybe a little muffled. I think that's how it's supposed to be isn't it? If I put my finger in my left ear it just blocks the sound a bit and feels fine. If I put my finger in my right ear then I feel that slightly rumbling unpleasant pressure inside and then a slight pop when I remove it.  Anyone else experienced this or have any suggestions? Maybe that's just something everyone else puts up with and it's my left ear that's abnormal I don't know!? I tried covering my nose and gently blowing out and swallowing etc in case it's an inner ear pressure thing but I really don't think it is, it didn't change anything except it hurt slightly on my right, and I have no other problems with that ear (as long as I don't stick anything in it!). Maybe I'm just better off somehow getting used to the sensation of water filling it up and emptying again without any protection but I'd rather not :-(",FALSE
"41","Do you ever sprint so hard that your balls hurt?","110"," Last week I did a 100m free at a schools competition. I've never sprinted so hard in my life. My balls were aching by the end of it. Ever happen to anyone else?",FALSE
"42","Finally got my new tech suit!","17"," No Text",TRUE
"43","Swimming Etiquette - nutrition during workout","1"," Hi All - I'm a relatively new and casual swimmer. I've started to up my training for triathlons, but have been feeling sluggish and crappy towards the end of my longer swim workouts. I think it's primarily due to depleted energy stores - similar to a bonking feeling while running or cycling. Is it appropriate to have an energy gel at the end of the lane and slurp it down in between sets? I know eating in the pool is obviously a no-no, but I was curious what the proper etiquette would be for something like this? For context I swim at a relatively small gym and typically am able to swim with the lane to myself, or split with one person.",FALSE
"44","How has swimming improve your working memory and cognitive abilities?","37"," I used to play baseball in high school and college years ago where we did a lot of cardio. Yes it was much less than those who did track, cross country, or swimming, but we did our share, and I remember feeling good. As you‚Äôve aged, how has swimming improve your working memory and ability recall and make connections?",FALSE
"45","College Recruiting","7"," Recently I‚Äôve been emailing colleges trying to get my name in their books and talking with them so I can potentially get an offer next year. One thing I‚Äôve run into is that a lot of them have some pretty hefty ‚Äúqualification times‚Äù which it seems that hardly any of their swimmers seem to have. For example, with 3 different universities, their time they gave me in the 50 was faster than all of their swimmers, or a couple, and the ones that had faster swimmers than the time only had seniors that were faster. I‚Äôm just curious if they‚Äôll get more lenient going into my senior year, or if they truly won‚Äôt recruit me if I don‚Äôt have their set time.",FALSE
"46","how to sidestroke","2"," please how to sidestroke",FALSE
"47","I‚Äôm dying","7"," I just recently joined a club team after swimming for my high school team for the past couple months and club is extremely brutal. I‚Äôm swimming 6 days a week in club and 4 days a week high school. Does anyone have any tips to make it less gruesome?",FALSE
"48","After the thread about people pissing in the pool, this is horrifying.","334"," No Text",TRUE
"49","Sun Yang expose urine test officer's personal information intentionally","60"," Sun Yang, a well-known freestyle swimmer, was handed an 8years bans for a doping offense recently. Now he want to appeal and let witness change their testimony. To add pressure on them, Sun Yang expose urine test officer's private information without any mask on his Weibo. He also sent personal information of that officer's wife to a local sport media. Sun Yang, just keep yourself to yourself. And you would taste all of the serious consequences made by yourself. ",FALSE
"50","HR monitoring","1"," A bit of background: my knee‚Äôs joint is in pretty bad condition and as per doctor‚Äôs instruction I can‚Äôt run until the knee is somewhat fixed and probably never again (husband is always optimistic). The sports doctor proposed that I either swim or bike, i chose to swim. I used to run 4 times a week (at leat 7km each time) and for a few weeks I tried to keep my cardio up and in various HR zones as I did for running, also 4 times a week. But the HR sensor of the Garmin Fenix doesn‚Äôt work underwater. I unfortunately can‚Äôt swim without a (smart)watch as I swim in both a 25m pool 2 days a week and in an Olympic pool 2 other days and have trouble keeping track of the numbers of laps I do (especially in the 25m pool). I can‚Äôt check my time of the clock wall as I am short sighted and only see a blur of red dots on a black square and I can‚Äôt wear lenses at all. Putting my fingers on my wrist to calculate my HR is therefore rather complicated as I can‚Äôt see the clock wall. I‚Äôve seen that Garmin sells Tri and Swim belts but it doesn‚Äôt allow the watch to show the HR while training. Then I discovered the Garmin Swim2. Has anyone tested it and recommend it? Is the HR monitor correct? Is there any other watch you would recommend that show HR while you swim without any additional equipment needed? I really need to keep working on my cardio and so far, it feels like it just gets worse as I can‚Äôt monitor it correctly in the pool.",FALSE
"51","Choose from more than 300 Heroes, each with his or her own unique skills ‚Äì Raid Shadow Legends Download to your PC for Free!","4"," No Text",TRUE
"52","How should jammers fit ?","3"," Im new to swimming and tried searching on reddit and google for the answer but it seems no one else has the same issue as me. I wanted to hear everyone‚Äôs thoughts on how and where the bottom of the jammers should fit. The pair that I bought (Speedo Endurance+) fit perfectly at the waist but end at my knee caps. What I read online is that it should be hard to squeeze in two fingers at the bottom, but because it sits at my knee cap, anytime I bend, it becomes loose. If I pull the jammers up from my knees to above the knee, it‚Äôs a more loose everywhere else. I‚Äôm worried a lot more water is going to be coming in because it‚Äôs loose at the knee. Does anyone else have this problem? Should I just get the square cuts instead due to my height ? I‚Äôve thought about just getting briefs but feel as though I haven‚Äôt ‚Äúearned my stripes‚Äù if you will..",FALSE
"53","First swim meet","5"," Had my first swim meet yesterday. I wanna thank this community for helping me with my questions, it really helped a lot. My events were a 50 free and a 200 relay, managed to get 33 secs on the 50 free and 32 on the relay. (Messed up and didn‚Äôt push off the wall on my flip turn) Considering it was my first year ever swimming and being on a team, I‚Äôd say I did pretty decent. Just wanted to share this and thanks a lot to everyone who helped me.",FALSE
"54","My 200y IM splits from yesterday‚Äôs practice. Are these splits good. What portion do I need to put more work into?","14"," No Text",TRUE
"55","[Kids 7-12] What to do when not swimming?","3"," I coach a group of kids, fairly new to this coaching thing, but been making good progress. Now lately we moved to a new place, first of all its deeper and second - our lane is 3rd so pretty much in the middle of the pool. Kids can't get out several times like in the old place and they're also still too little to be able to swim for 45 minutes straight. My question is, what to do when they're not swimming? We obviously blow bubbles, but i thought that i could find some more ideas here. Thanks! Feel free to ask if you need more info.",FALSE
"56","Effect of Shaving?","4"," I‚Äôm currently at a high level meet and I am considering shaving. I‚Äôm not sure whether I should shave now or wait for another meet where I will most likely be faster. I was wondering what effect shaving has on your racing?",FALSE
"57","Lily King reveals story behind her infamous finger wag in Rio","5"," No Text",FALSE
"58","Good 500m free time for a beginner?","2"," I enlisted in the Navy last July to become a rescue swimmer, and I have till this July before I ship out. About 8 months ago when I enlisted I just started learning how to swim. 8 months later my 500m free is 9:20. Is this good progress or should I be making more improvement?",FALSE
"59","Advice and splits for the 400 freestyle (LCM)","2"," Hey guys, I‚Äôm swimming the 400 freestyle (LCM) this Sunday and a 4:38 is a cut for our nationals. I was wondering what kind of split times I‚Äôd have to swim to get this time. Any other advice is also appreciated. (I‚Äôm a 15 year old male)",FALSE
"60","With new ways to play, greater customization, and more exciting new paths to rake in rewards ‚Äî this is the biggest and best Show ever. Write your own baseball legacy in an expansive RPG experience, or create your dream team and compete online.","79"," No Text",TRUE
"61","Advice on the right amount of breathing and how to know","5"," Hi, I'm currently swimming 40 laps (25m pool, I do 4 sets of ten with a 60 second break between sets) every other day.  I'm still pretty new at swimming (started in earnest around September).  I've wrestled with how much breathing I should be doing, usually I'm used to breathing every other stroke, but yesterday I decided to breathe every fourth stroke.  I can hold that pattern for about 4 laps until I'm just out of air and have to start breathing more frequently at two strokes or less.  My question; is it a good or bad idea to do this?  Is breathing after more strokes better or worse for a swimmer?",FALSE
"62","workout #3","3"," Warm Up: 200 swim, 100 drill, 200 swim, 100 kick, 200 swim, 100 choice, 100 scull Pre-Set: 8x50 or 25 choice on :556x50 or 25 free on :504x50 or 25 choice on :502x50 or 25 free on :45100 ez choice Kick Set: fins snorkel and board 6x150 or 125 or 100 or 75 kick, swim, kick x50 work on body position on 2:40 Main Set: 2x300 or 250 or 200 swim snorkel on 4:306x50 or 25 choice on :55Dive Set: 6x50 - 25 sprint/25 ez on 2:00 - odd lanes dive sprint, even lanes swim easy200 ez 4400 yards",FALSE
"63","Do you pee in the pool?","143"," I am interested to hear if there are rule trends across teams and sports. What are the rules for your: High school team, college team, masters team, local pool, private pool, outdoor pool, hotel pool. What are your rules for: Water polo, regular swimming, recreation swimming, triathlon, etc. I was in the pool a lot in the military and about the only thing that didn‚Äôt fly was poop. And even then, there were some poop occurrences. Edit: It would appear we have 3 types of people who swim. Those who pee in the pool Those who lie about peeing in the pool And those living in denial",FALSE
"64","Help","2"," I am learning butterfly and I have good technique, but I feel I need more strength. Can you recommend some exercises out of the water to increase it?",FALSE
"65","Ugh...","16"," This may come off as a bit of a vent/rant, but this is something that I just wanted to get off my chest Something I don't recall ever mentioning here on this subreddit ever, is that in addition to doing club swimming I also work as a lifeguard, at a different pool than the one I and my team swim are based out of. This particular pool I work at is a lap pool, intended for lap swimming, but is relativley small and a lot of people come in and go to cassually lap swim throughout the day, and there are a handful people who come in every single day. In particular there is this one woman who always comes in at exactly 8:30 AM. I completley understand everbody who swims is at a different level and moving at their own pace, and while I may judge silently I still respect people trying to get into physical shape. However sometimes having bad technique can actually be disruptive for people around you, esspecially if its a bad flipturn. The way this particular woman flipturns, she turns completley upside down with her legs straight up in the air, pauses, and then lets her legs drop violently back into the water, creating a massive splash. Its less of an actual flipturn and more of a handstand, brief pause, and angry leg whip. I get sprayed with droplets of water onto me on the lifeguard chair, so I have started walking around just to avoid getting wet everywhere.I don't think she even is aware of how violent it is, because she is always listening to music with her MP3 player.  And its not just me who is annoyed by this. The people she ocassionally shares the lane with and people in the neighboring lanes visibly flinch. I don't want to be rude and tell her that her technique could be improved, but at the same time its getting really annoying and its actually started making me a wee bit angry.",FALSE
"66","What do you think about while swimming?","13"," Swimming, especially long, dull sets or warmups, can definitely get a bit boring. What do you guys think about in the pool? I usually play random songs in my head, or replay my day over again. Sometimes I have a showerthought or two. Today I was swimming and wondering what other people might think about when they swim, which is what brought up this post.",FALSE
"67","Really bad cramps","6"," I‚Äôm a Highschool swimmer and recently just got done with Highschool state. As my team is getting back into intense training now that taper is over the yards have jumped a lot and we‚Äôve started doing weight room training again. I seem to do fine in the weight room but whenever I get about 3,000 yards into the practice my legs get very tight and cramp to the point I can no longer push off the walls or kick. I‚Äôve been drinking tons of water during the day and Gatorade during practice. I also stretch and roll out daily. Is there anything else that I can do to get rid of these cramps so I can get back to training? I‚Äôm very tall and I‚Äôm not sure if I‚Äôm growing again and this is just a result of that or if coming back from taper is just taking a toll on my body. Any suggestions would be very appreciated.",FALSE
"68","Story in the coments","0"," I almost drownd to a cramp best freind saved me so i went siming on wensday we we're going underwater and trying to see how many fingers that we are holding up and whoever lost had to buy the other one pizza so we are at the bottom of the pool at a public pool and after coming up after I won I had the worst leg cramp ever and I just couldn't read and I was too far out into the deep end to tread or grab a wall so I couldn't swim in my left leg just wouldn't move and my friend had to bring me over to a wall I would have died if he wasn't there I thanked him profusely does anyone know why I had the leg cramp it was so bad",FALSE
"69","What to do when you get a niggle in your shoulder?","6"," It's a slight niggle but the kind you know could get way worse with one wrong move. Apart from rest what can be done?",FALSE
"70","What to wear?","44"," I am new to swimming daily. My current routine/dress is to put on swimsuit with the pants I‚Äôm going to wear for the day over it, then a short bathrobe over the swim top, and my winter coat. I pack everything else in my gym bag and get changed after I swim/shower. I then go straight to work. It‚Äôs starting to get warmer now, so the winter coat is too much, but I think the bathrobe would look odd. I like having the bathrobe because I also use it after my shower when walking around the locker room. What do people normally wear in this situation?",FALSE
"71","Wanna start selling your products online, but don't wanna spend too much time away from Reddit? We got you, friend. With Square Online Store you can build and launch your site so fast you'll barely have to leave Reddit. Bonus: our free plan has no monthly fees--pay only 2.9% + 30¬¢ per transaction.","99"," No Text",TRUE
"72","Tips for pacing during a 200 free?","2"," I signed up to swim the 200 yard free at my high school meet in a few days. I‚Äôm a freshman and I‚Äôve never swam it before so any advice for how to pace myself?",FALSE
"73","How do I go 19 in the 50 free","9"," All I want it to go 19.  I‚Äôve been grinding my underwaters and sprint.  I only need to drop .39.",FALSE
"74","How to start over and keep going?","8"," I‚Äôm an 18F ex-competitive swimmer and I had national-level times. I stopped a few years ago, and since have had time to get pretty out of shape. I really want to get back into it again but last time that I went to the pool, I was exhausted after a small part of my former warmup (100m) lol I‚Äôm transferring universities and I want to join the team there (in 6 or so months) and I‚Äôm not sure where to start. I think my technique is still fine (always needs to be improved anyway) but my stamina is gone. How do I rebuild it without burning out and how do I get back to competitive times? Thanks!",FALSE
"75","Swimming training advice","2"," Hello everyone! I‚Äôm currently a junior in high school and I have this goal in mind to make it to the varsity level swimming team early senior year, the problem is I haven‚Äôt swam in like 6 years :/ So the last time I swam competitively was in the 4th and 5th grade and I REALLY enjoyed it. I quit it in middle school because my coach wanted me to continue on to a higher league where they practiced a lot more hours mornings and nights, and I wasn‚Äôt ready to commit to that. But now that I‚Äôm in high school and ready to move onto college I want to go back into some kind of sport, and swimming is really the only one I enjoyed out of all of the ones I‚Äôve played. So the reason I haven‚Äôt started swimming again now or earlier is because I‚Äôm just too busy to go to the public pool 10-15 min away. But I‚Äôm planning on ‚Äúpracticing‚Äù this summer break, which is like 3 months or so. So I guess my question is this: *is three months not enough to be able to get back into the right shape? *The varsity team at my school is not necessarily THAT competitive, there isn‚Äôt even a JV team at my school. I feel like I have the technique down but I just need to work on my endurance and physical shape. So if you guys have any recommendations to get back into shape quickly, drills or techniques I should focus on, or what diets you swimmers use to enhance performance. Thanks so much!!",FALSE
"76","Question about fins","3"," I am significantly better when I wear fins either long or short. My question is because my quads die at the last meters in 400m freestyle and I can't make a good finish, do you think that I should train with long hard blade fins or use more the short fins like arena powerfin pro?",FALSE
"77","Should an overweight man wear speedos at a hotel pool?","5"," I am heading up to Gold Coast (Australia) for a few days for a holiday and am staying in a hotel with swimming pools available. I have been overweight all of my life and do carry a fair enough of weight around my belly which may spill over some clothing bottoms. I weigh around 86kgs and used to be 103kgs for a man who is 22, 5‚Äô4 and lost 17kgs. I have never been insecure about my weight, but heard it can cause trouble for the hotel and its guests, according to a media list of surprising ways to get kicked out of hotels. Am I reading too much into the media post? Or does it make sense? I can always get another swimsuit, but I would prefer to stay with my speedos so they don‚Äôt go to waste.",FALSE
"78","Can I get a critique on my 50 free. I just posted a video of my 100, but I know that I messed up a lot more on this relay.","36"," No Text",FALSE
"79","Workout #2","5"," Warm Up: 300 swim, 100 kick, 200 swim, 100 drill, 100 swim, 100 choice, 100 buoy Pre-Set: 4x100 or 75 or 50 choice on 1:502x100 or 75 or 50 free on 1:402x100 or 75 or 50 choice on 1:40100 ez choice Main Set: 6x75 or 50 free snorkel on 1:104x75 or 50 choice on 1:254x75 or 50 free paddles on 1:054x75 or 50 choice on 1:252x75 or 50 free FAST - choice of equipment! on 1:004x75 or 50 choice on 1:25 Dive Set: 8x50 25 sprint choice, 25 swim back easy choice 2:00 (odd lanes dive, even lanes swim back) 200 ez choice",FALSE
"80","3/4 Wednesday Masters Workout - Short Course","7"," For those that would like some variation and/or a more structured workout, I provide for you our groups workout from today. Our workouts are split into 5 different skill levels. Choose the column that works best for you and if you find that you are consistently getting more rest than column 5, move up a level. Because this is Masters, feel free to add/subtract/or modify in anyway you see fit. Here is a link to my google drive with previous workouts - https://drive.google.com/drive/folders/1tHrMzBZWcVHQcs03vZX8rNQ73mdyR1j7?usp=sharing If you are interested in joining a masters swim club, here is a link to help you find a local club near you. https://www.usms.org/clubs Notes for this set: -Build = Start slow then get faster within the given distance -Strong = Faster than moderate, but slower than fast -Descend = Maintain a given pace within the distance, but get faster as you work through the set (descend in time/pace) -Smooth = Faster than easy, slower than moderate -IMO = Individual Medley Order (butterfly, backstroke, breaststroke, freestyle)",FALSE
"81","Choose from more than 300 Heroes, each with his or her own unique skills ‚Äì Raid Shadow Legends Download to your PC for Free!","2"," No Text",TRUE
"82","Decreasing my time for 100 and 50 free","3"," I have a 24.44 for my 50 and 54.33 for my 100 any tips or sets to decrease my time I have my technique about down and my start is pretty fast around .78",FALSE
"83","Question on floating from a beginner.","7"," Backstory : As I child I went for swimming classes, but didn't really fare too well. By the time I was 13 I had 3 bad incidents with water and I kinda just stayed away. There's always a sense of panic when I'm in the water but only if my feet can't touch the ground (doesn't have to be always touching I can bob, but as long as I touch it every few secs I'm OK) Fast forward twenty years, and I've decided to enrol for swimming classes. From memory, I know I had difficulty in coordination with my legs and hands and Ive always felt my legs just start to sink from the waist below no matter what. Anyways, we were practising floating (face down and up) and in both forms I just couldn't stay star shaped with my waist and legs along the surface. It would eventually sink and my feet would hit the floor, and as I exhaled into the water (face down only), my upper torso would eventually sink as well. Now to my actual question. If I completely empty out the air in my lungs, without any vertical movement, should I sink or float? I ask this because if I completely empty out my lungs I can literally lie flat on the floor of the pool for however long until I need to come up for air. Like I wanna know if I'm at a physiological disadvantage? For reference I'm 180cm 90kgs with 22% BF. I am 100% certain this composition is different above and below the waist as most of my fat is around my stomach. I could get a DEXA scan done if it would help answer some questions. I have a much easier time floating in the sea due to density etc. But even there I don't think I'm completely flat on the surface. Well I need to double check, I'm just too scared of drifting away from shore and my feet won't be able to touch the ground. Thanks for reading! Edit: I'm a 33y old M",FALSE
"84","Advice on how to stay motivated and in-shape","2"," I've been competitively swimming for almost 10 years and recently I've realized how far I've been left behind. I've been swimming with mostly the same guys since elementary school, and we've been through a lot together. The same kid I used to be better than, even though I was younger, is now the state champion. There's others too, people I was on the same level as for years have rose up and I can't compete with them anymore. I'm a sophomore in highschool and I've been a strict flyer my whole career, but I struggle to break a minute in the 100 fly and have only done it twice. My season ended yesterday and I can't afford to swim club. What should I do?",FALSE
"85","Can I get a critique on my 100 free? It was around a low 57, but I‚Äôm a senior who wants better times, so anything helps (1)","9"," No Text",FALSE
"86","Can the corona virus live in swimming pool?","8"," Can corona virus spread in swimming pool? This virus is everywhere, will you still swimming in public swimming pool? Or wait until the condition get better? Im sad because maybe i will not swim until the condition get better even though there only 2cases in my country.",FALSE
"87","Can someone explain this form I see another swimmer doing but have never seen it before","19"," I wanna call this some kind of a modified front crawl but am not sure lol. Okay, so there is a guy who I very rarely see and I want to ask him about his form but he either finishes and is gone before me or vice versa. In a 25m pool, he has a 10 stroke lap or is it lol. It is hard to count his strokes because every 3rd stroke he glides forward with his left or right arm stretched out ( depending on if it's his return lap or not ) his face out of the water for air but uses the arm on the side that he is getting air from to pull twice. (Imagine air guitar) He doesn't alternate arms but rather uses the same arm to pull twice while he gets air. Then right back into a front crawl. It may sound odd and it looks very weird but he is very hard to keep pace with. Is this some kind of front crawl that I haven't seen before and how the hell can he be so fast while swimming like this?",FALSE
"88","Just did my first meet","17"," Kinda sad about myself. Pretty much, I did the 100 free for my team and got around 1:40-2:00. That‚Äôs it. I feel slightly bad. Is 1:40-2:00 bad for a 100?",FALSE
"89","Any Advice On The 100m Fly?","3"," Hey guys, I recently started the butterfly stroke and I swam a 100m in 1:55. My 50m is 40. I am 5'10, 183 lbs. Any tips for swimming a stronger butterfly and possibly improving my time? Any advice is appreciated.",FALSE
"90","With new ways to play, greater customization, and more exciting new paths to rake in rewards ‚Äî this is the biggest and best Show ever. Write your own baseball legacy in an expansive RPG experience, or create your dream team and compete online.","77"," No Text",TRUE
"91","Coating yourself in hydrophobic aerogel dust before going for a swim","442"," No Text",TRUE
"92","Speedo 'Speedmask' - a world beater","19"," No Text",FALSE
"93","Workout #1","3"," Warm Up: 400 swim, 100 drill, 200 swim, 100 kick, 200 choice Pre-Set: 4x125 or 100 or 75 choice, free x25 on 2:104x100 or 75 or 50 IM on 1:554x75 or 50 choice on 1:204x50 or 25 free on :50100 ez choice Kick Set: fins, board, snorkel6x50 or 25 kick on :552x50 or 25 swim on :506x50 or 25 kick on :502x50 or 25 swim on :45 Main Set: 2x175 or 150 or 125 or 100 swim snorkel on 2:354x50 or 25 choice on 1:002x150 or 125 or 100 or 75 buoy only on 2:05",FALSE
"94","Stomach pains after workout?","9"," I have recently started swimming during the early morning or during the lunch hour instead of later, after work. Ever since, I've also gotten stomach aches and/or headaches after practice. Right now the stomach ache is especially bad. Not just an upset stomach, it just all cramps up and hurts super bad so I wanna roll into a ball. This is obviously not acceptable in an office environment. I drink before and during exercise. I had a rehydration drink and lunch after, since eating right before exersising has me nauseous. This has happened every one of the last 4 times. I know I can do a lot more trial and error but this is all really not making me excited to go swimming at all, and I'm not in the mood to sign up for these cramps voluntarily again. Have anyone else had a similar issue?  What did it turn out to be? What helped? I'm super gratefull for any advice. On the plus side, I finally figured out how to do underwater turns smoothly, so I got that going, which is nice...",FALSE
"95","Using pool snorkel","3"," I struggled to swim past 50 meters breathing normally om front crawl. I switched to snorkel and can now swim much further and for much longer. Why aren't more snorkels used?",FALSE
"96","Best way to swim the 100m Fly?","10"," Apparently our coach says to go out like a 50m sprint then come back and do another.",FALSE
"97","Any recommendations for a new practice suit?","6"," It‚Äôs been a few years since I was last on a swim team and I‚Äôm trying to add swimming back into my daily routine. Unfortunately, all my old speedos (budgie smugglers) and jammers either no longer fit or are just falling apart. Any recommendations for a reliable but relatively cheap practice suit? Broke college student here üòÇ",FALSE
"98","Training frequency","3"," Hey, thanks in advance for any tips. My question is about dry land and swimming exercise I'm 61 now I'd been an infrequent swimmer for years but could only hack breast stroke. Then last summer I was watching triathletes in my local 50 metre  pool and decided I had to try for that!I got serious and started studying front crawl technique videos on Youtube. From struggling to complete 25 metres without getting breathless, I can now do 40 minutes crawl non-stop, medium fast and I feel great. I swim every other day in the working week and rest weekends. I keep reading that at my age I need to do weight exercises to keep muscles and bones strong.My question is what dry-land routines would be best for both improving my crawl performance and keeping me strong. I don't use a gym but I have a few (unused at present..) kettlebells and good quality resistance bands",FALSE
"99","Work sent me to Sydney so had to find a new spot to punch out some laps...","782"," No Text",TRUE
"100","Wanna start selling your products online, but don't wanna spend too much time away from Reddit? We got you, friend. With Square Online Store you can build and launch your site so fast you'll barely have to leave Reddit. Bonus: our free plan has no monthly fees--pay only 2.9% + 30¬¢ per transaction.","98"," No Text",TRUE
"101","Sets to get down to 2;00","18"," I have been swimming 3-4 time per week for around 4 weeks(Front crawl). I can keep at 2:25 per 100m over 1500m. I am looking for sets that equal around 1500m that will help increase my speed. My first goal is to get my 1500m pace down to 30 minutes total. Thanks",FALSE
"102","Sun Yang‚Äôs mother alleges Chinese cover-up in doping scandal twist","6"," No Text",FALSE
"103","Advice for a 100 free?","3"," I‚Äôm swimming a 100 free for a meet, how should I pace myself? Slower for the first 50, faster for the last?",FALSE
"104","Legs skimming the surface of the water on breast","2"," I‚Äôm a decent breast swimmer, but I‚Äôve notice as of recent that occasionally my legs come out of the surface of the water. It happens a lot after pullout and just generally during my stroke. Any tips?",FALSE
"105","Taking a part in a meet only because there's not enough people","11"," I'm a slow swimmer (~48s 50m free 6 months ago) and I'm swimming mostly because I like the sport. Despite my bad times I went a few times to local meets. Main reason is that there's not enough people from my year (2005). This caused that to a meet next week [eliminations to regionals (?) only ""team swimming"" (?) (if something is unclear I'll explain it)] goes only like half people who are actively swimming, the rest is the ""retired"" ones. I was just wondering if something like this happened to any of you. TL;DR: I'm slow and I only go to meets because there's not enough people from my year. Anyone the same?",FALSE
"106","NJCAA National meet pool through March 4-7","206"," No Text",TRUE
"107","3/2 Monday Masters Workout - Short Course","8"," For those that would like some variation and/or a more structured workout, I provide for you our groups workout from today. Our workouts are split into 5 different skill levels. Choose the column that works best for you and if you find that you are consistently getting more rest than column 5, move up a level. Because this is Masters, feel free to add/subtract/or modify in anyway you see fit. Here is a link to my google drive with previous workouts - https://drive.google.com/drive/folders/1tHrMzBZWcVHQcs03vZX8rNQ73mdyR1j7?usp=sharing If you are interested in joining a masters swim club, here is a link to help you find a local club near you. https://www.usms.org/clubs Notes for this set: -DPS (Distance Per Stroke) = Maximize the distance traveled for each stroke while minimizing the total number of strokes to complete the set -Descend = Maintain a given pace within the distance, but get faster as you work through the set (descend in time/pace) -Build = Start slow then get faster within the given distance",FALSE
"108","Advice for intermediate swimmer","3"," I'm coming back from an injury (broken elbow), which I've completely recovered from but I'm not allowed to go to the gym due to the strain of it, I would like to recover the physical form I've lost, mainly I would like to use swimming to go back to building that swimmers body that we see on athletes so I would like to know what kind of workout I should do to rebuild all that muscle. I'm planning to go swimming at least 5 days a week. Any help would be appreciated.",FALSE
"109","Sectionals Cancelled?","0"," Sectionals for me is taking place in Federal Way Washington this year. Federal Way is in King county which is the same county as the Coronavirus outbreak. What are the odds that sectionals get cancelled?",FALSE
"110","recently being swimming lunatics","0"," to save money instead of going to a training pool as being a gym membership including wellness center, the pool  in the wellness however was too small for cruising comfortably, its 40 feet long, meaning 132 laps to finish a mile. The experience of constant turning is like driving in a stop and go traffic but to the real problem, I'm simply too slow 220 ibs need an hour to hit not even a miles, [80%] the weight which I deem as perfect floating base seems to not carry it's potential, prefer jerking my leg with less frequency but intense in power , I probably have pulled my leg in a forward - back movement instead of up and down paddling. I changed many in techniques, such as regular surfacing, balanced shoulder paddling, flat streched leg. Slow and orderly leg and shoulder coordinating, though I prefer using leg power to deliver the dynamic, there is still so much missing knowledge that need to be gained to effectively swim faster. Aiming at 2.5 miles with such speed, I will have to need a little than 3 hours to do it, it's unimaginable, even these who do frog is faster than me and there are not even catching breaths",FALSE
"111","With new ways to play, greater customization, and more exciting new paths to rake in rewards ‚Äî this is the biggest and best Show ever. Write your own baseball legacy in an expansive RPG experience, or create your dream team and compete online.","78"," No Text",TRUE
"112","I‚Äôm the second from the left. I‚Äôm a captain of a small team now. Most of us only swim one season and was wondering what are some tips for being captain?","17"," No Text",TRUE
"113","Excersises for swimming","5"," Hi everyone. I plan on swimming twice a week. Could you recommend me a list of styles (and how many times I should repeat them) to swim in. Ive been going to swimming lessons for a while and Im a 15 year old boy if this info is needed.",FALSE
"114","What makes a techsuit good for breastroke?","73"," also for all other strokes, but I primarily want to know for breastroke.",FALSE
"115","So, I have this broken fins, and before I throw them away, I want to know if there's anything I can do with them, like fixing/recycling ideas. I have a new pair, so, cutting them off is not that bad.","12"," No Text",TRUE
"116","Thinking of swimming every day for 30 days?","14"," I'm going to set myself a challenge to swim every day for 30 days has anyone got any advice before I start? My aim is to improve strength, endurance and finally compete in a 1k swim at the end. My worries are that I burn out, I compete badly because I haven't had any rest and structure of the training to achieve my goals.  Any tips or tricks will be much appreciated as I start tomorrow!  Thanks :)  EDIT! I should mention I'm a swimming teacher and an ex-county swimmer! My time for 1k was 20.38 mins today. Thanks for all the concern I should be ok its more a question of will the body hold out training every day? are there tricks to keep going and recover while still swimming? And setting out a training regime for a month.",FALSE
"117","First 50 of a 200","4"," Why do people go so fast in their first 50s? Like for a 200 IM, I see fly splits that are crazy fast and in 200 frees, they're always a couple seconds faster than the rest. I even see this in 200 back and breast. How do most people pace their 200s?",FALSE
"118","2/29 - Saturday Masters Workout - Short Course","4"," For those that would like some variation and/or a more structured workout, I provide for you our groups workout from today. Our workouts are split into 5 different skill levels. Choose the column that works best for you and if you find that you are consistently getting more rest than column 5, move up a level. Because this is Masters, feel free to add/subtract/or modify in anyway you see fit. Here is a link to my google drive with previous workouts - https://drive.google.com/drive/folders/1tHrMzBZWcVHQcs03vZX8rNQ73mdyR1j7?usp=sharing If you are interested in joining a masters swim club, here is a link to help you find a local club near you. https://www.usms.org/clubs Notes for this set: -Social Kick = If you are swimming with a partner, kick together and have a conversation. Check in with each others lives, or try to find the answer to life, the universe, and everything -Off Blocks = If your facility does not have starting blocks, or does not allow their use without a coach present, just do fast starts from in the water",FALSE
"119","How to start?","5"," I have executive functioning problems and really struggle starting something new if I don‚Äôt know Exactly How To Do It Right Can someone please break down exactly what I need to know to start lap swimming at the gym? What do I need to do? I haven‚Äôt really swam since I was a kid, the most I‚Äôve done in a pool in probably 15 years is just sitting or standing in the shallow end and walking around holding/supporting my kids. What do I do if I‚Äôm not the only one swimming? Can i wear my normal one piece swimsuit? Can you just walk me through it step by step?",FALSE
"120","I‚Äôm very slightly too slow apparently","2"," I am so sad. I had a meet this weekend and I have been less than a second away from making my regionals cut since December and I had been feeling good about my swimming and my first race came up and I dropped about half a second then I came back finals dropped another portion of a second this was .3 away from my regionals cut so I got sad but knew I could still get the cut in the 200 tomorrow so I swam the next day ready and gained .2 seconds felt sad about that and again knew I could make it in finals so I had warmed up my ass for a long few hours (including initial meet warmup) and I swam as hard as I possibly could to see that my time was .1 seconds away from the cut I needed to make this would have made me the only person my age to make the cut but it didn‚Äôt happen and I am so sad.",FALSE
"121","Wanna start selling your products online, but don't wanna spend too much time away from Reddit? We got you, friend. With Square Online Store you can build and launch your site so fast you'll barely have to leave Reddit. Bonus: our free plan has no monthly fees--pay only 2.9% + 30¬¢ per transaction.","94"," No Text",TRUE
"122","50 split in 100 faster then normal 50","4"," My coach put me in 10 events this weekend (phew) and I did the 50 breast and got 39.9 (I don‚Äôt do breast at all) but then the 100 breast I went 39.5 for my first 50. I‚Äôm aware it‚Äôs not that fast but I‚Äôm confused as to how that happens",FALSE
"123","Swimming backpack for school","9"," My daughter swims 3 days a week and is tired of carrying 2 bags to school. She's 11. Her swim bag is a mesh sling bag. Any recommendations for a swim backpack (speedo, arena,...?) That works well as a school backpack as well?",FALSE
"124","Barely missed my last chance for a goal. Need help on staying motivated.","2"," Hi, I recently competed in my High school conference meet, which was my last chance to set the freshman record for the 100 Fly for my school. The record was 55.9 and I went in to the meet before swimming with a 59.3. I came out with 56.2. I know that as a freshman, this is still a good feat, but the fact that it was my last chance to set the record and I was so close really keeps tearing away at me. Any advice for staying motivated? Thanks for anyone who responds.",FALSE
"125","Cross train running with swimming","24"," So I‚Äôve been swimming for 2 years now, 6 days a week, 1 hour and 30 minutes a day from 4:30pm to 6:00pm. I‚Äôm 16 years old. I‚Äôve been thinking of cross training running with swimming because I can‚Äôt seem to burn my belly fats. So I‚Äôm thinking of running every morning monday, wednesday, and fridays. I‚Äôll start off slow first I guess 5 minute runs and 5 minute walks alternate for 45 minutes every morning? I‚Äôm asking if this is a good workout routine whilst still swimming everyday? Will this burn me out or whatever. Are there any better alternate ways to burn my belly fat. I don‚Äôt know. I‚Äôm open to questions. Also I read somewhere that running is not a thing for swimmers? Why‚Äôs that?",FALSE
"126","What‚Äôs a good tech suit for butterfly and mid distance free","6"," I mainly swim 100 and 200 fly and 400 free",FALSE
"127","Things that are apparently legal at an IHSAA State meet:","434"," No Text",TRUE
"128","What dry land exercises are best for increasing swimming endurance?","3"," Recently got back into swimming and noticed my endurance/stamina isn't really good.",FALSE
"129","Ride side sinks a bit when I breathe to the left?","2"," I only breathe to my left. When I do my ride body side sink a bit resulting in my right arm pulling very low under the water, it's really off balance and starting to give me an niggle in my right shoulder. Why is this?",FALSE
"130","Sun's Mum Flares: Ming Yang Reveals How Chinese Swim Bosses Sought To Hide 2014 Doping Positive","16"," No Text",FALSE
"131","Choose from more than 300 Heroes, each with his or her own unique skills ‚Äì Raid Shadow Legends Download to your PC for Free!","6"," No Text",TRUE
"132","Carmel greyhounds set new national and state record in the 200 Medley relay, the first event of 2020 Indiana High school state. GO HOUNDS!","119"," No Text",TRUE
"133","Weekly /r/Swimming Accomplishment Thread March 01, 2020- Did you in fact, Swimmit?","5"," Please use this thread to discuss your recent swimming achievements. Did you win ALL the Olympics? Or City, states, regionals, nationals? Qualify for a new division? Sign to a college swim team? Did you accomplish your first non-stop 25 metres, go to your first adult swim lesson or get out of your depth? Did you swim the Channel, or any channel? Did you do your first 1k open water swim, nail your flip turn and start or complete the Zero to a Mile challenge? Did you vanquish? Or maybe buy your first Vanquishers? Or did you just realise that damn, you feel good in Speedoes? Or even God? WHATEVER YOU ACCOMPLISHED, WELL DONE! Once working correctly, Weekly Accomplishment threads will re-occur every Sunday afternoon GMT. Beginner & Intermediate Swimmers Resources and Q&A threads will occur on Friday morning GMT.",FALSE
"134","Kicked out of meet, scratch rule!?","3"," Hi, my recently turned 13 year old son was kicked out of a swim meet yesterday because he missed his finals heat. I guess this is known as the scratch rule. If you miss a finals race you are kicked out of the entire meet. This is the first time in so many years of swimming and LOTS and LOTS of meets that he has ever missed a race. First time. It was an honest mistake, I‚Äôm sure many people know the situation, the turnaround was tight, he had just swam the 200 fly and was warming down, thought he had time, went to get a drink of water and then it was too late. Obviously he shouldn‚Äôt have missed his race. I am wondering about this rule and the purpose behind it. I am having a hard time understanding how the punishment fits the crime. He‚Äôs a kid, he has worked really hard all season and just made a mistake. Now he is incredibly sad, feels terrible, can‚Äôt make his cuts for states and feels like he wasted his whole season. We, as parents are out a lot of money on the hotel this weekend, gas for driving 100‚Äôs of mile to this meet, cost for food, all the time spent organizing schedules to accommodate rides/work etc for the rest of the family at home...all wasted because a new teen made an honest mistake. It feels like there might be a better, more fitting, punishment for a kid who screws up. Anyone familiar with this policy and why it came to be? What ultimate purpose is it serving? I can‚Äôt think of a rule in any sport of any age that feels this extreme. No warning, nothing. This feels like something that would be saved for a kid who did something really bad, like yelled at a ref or purposely did harm to another swimmer, or negatively affected another swimmers race. Once again, he should not have missed his race but maybe taking away one race, or giving a warning or something other than...get out, go home and don‚Äôt come back. Thanks for any thoughts/insight on this",FALSE
"135","Fantastic end to an Amazing Season!","6"," Just got done with State Championships for my Junior year in HS, and man was this a great season! Had some killer time drops this year: a total of 14 seconds in my 100 breast for a 1:03.88 and almost 20 seconds in my 100 free for a 54:17! To be completely honest I have no idea how I managed to improve so much, but I'm really thankful for my amazing coaches and my teammates for encouraging me the whole way! Ended up 24th in the 100 Breast at State, Really happy with how far I've come, and excited for how far I'll go next year. I'm finally joining my first club team this spring, and I'm really excited for championships a year from now! thanks for taking the time to read this, I know its not as fast as some people on this sub but I just have to brag a little bit bc I'm so happy!",FALSE
"136","BU Swimfest","20"," No Text",TRUE
"137","Finished the day crushing more records, Great job at 6 consecutive state titles! GO HOUNDS!!","13"," No Text",TRUE
"138","Swimming Times","0"," My 1000 yard free time is a 10:36, my 100 yard free time is a 55.61, my 200 yard free is a 1:59.13, my 500 yard free is a 5:12.51 and my 1650 yard free time is a 18:07.97. (I am 14M) let me know if my times are good for those events. Thanks!",FALSE
"139","Swim times","2"," I just went to a competition and I think I swam pretty well. I'm 13(M) and I went 58.57 for the 100 FR and 1:05 for the 100 BK. Thoughts?",FALSE
"140","With new ways to play, greater customization, and more exciting new paths to rake in rewards ‚Äî this is the biggest and best Show ever. Write your own baseball legacy in an expansive RPG experience, or create your dream team and compete online.","76"," No Text",TRUE
"141","My first high school swim meet!","212"," No Text",FALSE
"142","Good finish to the season. We went to conference got 3rd place(not the best). The best part for me at this meet was as a scrawny little 14 year old freshman making top 8 for conference with a 1:07:?? .i thoigh I'd post a pic of md in the race. Also my goal next year is state cut","3"," No Text",TRUE
"143","Well well.. finally","83"," No Text",TRUE
"144","some nice practice times today.","5"," was doing 50 sprints off the block today after a kinda challenging stroke set. managed to go a 26 mid and then a few minutes after a 25.8! haven‚Äôt been that happy in so long, hoping to maybe go a 23 mid next meet we have.",FALSE
"145","Realistic Goal","2"," I‚Äôm 5‚Äô1‚Äô‚Äô (14M) and asthmatic. My 100yd free time is 1:15. What would be a realistic time to aim for? Also, what would be a recommended stroke to swim for meets?",FALSE
"146","Holiday hotels with great swimming pools","10"," Wanting to book holidays/vacations at places that have great pools for swimming. I‚Äôll kick off by recommending a (slightly dated, but nice enough) hotel we stayed at for a winter sun break in November, Millenium Resort Mussanah in Oman. Would guess it was about 30m and very easy to do laps undisturbed. Where have you stayed that you would recommend?",FALSE
"147","On a scale of 1-10, how hard would you rate the 400 M free and 400 M IM?","2"," Also, how would you recommend training for these events? I'm set to compete in these races in May for the first time and thought that it'd be a good idea to start training. Note: I've swam almost all of the events in each stroke for SCY (anything above 500 free I've left alone), but this is gonna be my first season seriously swimming LCM.",FALSE
"148","ESSA Intercounties taking part this weekend in Sheffield","1"," Any Brits on this sub? It's the annual Intercounties at Ponds Forge this weekend. Some teams are short of swimmers due to kids returning from skiing trips in Italy so being forced to self quarentine... Then the West Midlands team got stuck in traffic due to traffic & storm weather.... Eventually started 2 hours late.",FALSE
"149","Update on amateur doing 57/100 for 1172 yards.","0"," No Text",TRUE
"150","Wanna start selling your products online, but don't wanna spend too much time away from Reddit? We got you, friend. With Square Online Store you can build and launch your site so fast you'll barely have to leave Reddit. Bonus: our free plan has no monthly fees--pay only 2.9% + 30¬¢ per transaction.","99"," No Text",TRUE
"151","Lane Sharing AITA?","0"," I'm somewhat new to swimming in a pool, and there is no posted etiquette on lane sharing at my pool. Today I had someone ask me to share my lane for the first time. The lanes at this pool already feel small, I'm on the larger side (6'0) and I am mixing in breaststroke and backstroke into my swim, so I told the guy I wasn't really comfortable sharing the lane. Then the guy insists that I have to share the lane and jumps in anyway. Why bother asking my permission if you're just going to ignore my preference anyway? So I ended up hopping out and waiting for another lane to empty out because I didn't feel like swimming with that pushy jerk. Anyway, r/swimming am I the asshole?",FALSE
"152","Chinese swimmer Sun Yang banned for 8 years for breaking anti-doping rules","542"," No Text",FALSE
"153","What Sun Yang and Mack Horton says about political influence in sport","1"," No Text",FALSE
"154","How much slower is the second 25 split of a 50 scy free than the first?","7"," I'm just curious about the general discrepency, thanks.",FALSE
"155","WPIAL Championship at Trees Hall University of Pittsburgh","22"," No Text",TRUE
"156","Mod announcement: In light of the Sun Yang drugs ban announcement, and previous such events, we will have no mercy for racist slurs of any shade, nor tolerate any campaigning or bad faith new accounts","66"," You all have been warned.",FALSE
"157","Olympic swimming champion Sun Yang banned for eight years after Cas ruling | Sport","67"," No Text",FALSE
"158","I have a story about a kid on my team","149"," One day, about two months into the season, this one kid (let's call him Fred) came up to me and asked me if it was okay if he joined the swim team.  He's a junior, same as me.  Never swam in his life.  Slightly overweight and he wanted to get into better shape.  He's also really soft spoken and kinda shy.  I told him sure, gave him the head coach's number, and went about my day. Fred showed up to practice that day wearing basketball shorts.  He apparently did not own a single swim suit.  Regardless, he hopped into one of the lanes and one of our coaches began working with him.  He eventually got a practice suit and was so proud of it when he showed it off.  It was black and orange, looked really awesome. Fred did not swim in the first meet.  Or the second.  Or the third.  A lifeguard almost had to pull him out.  But Fred kept trying.  Finally, he had his chance to swim in a meet in the 50.  He swam a 45.  No flip turn, barely put his head underwater.  But he was super happy and everyone was really proud of him. As the season went on, Fred kept dropping time.  And it wasn't in any small amounts.  The second meet he did, he dropped 5 seconds in the 50.  On his first time doing the 100 free, he got a 1:38.  By the end of the season, he had a 31 in the 50 and a 1:20 (I think) in the 100. What's the point of this story?  I dunno, to be honest.  I guess the biggest point is that if you don't know if you can do well in a meet or drop any time, you can.  Sure, you may have a bad meet or swim.  But that's just one out of many.  Fred had never swam in his life, not even lessons.  And he did very well during the course of the season. You can do it. Now go swim 3 miles (4.8 kilometers if you're using the metric system) in open water.",FALSE
"159","Where to Buy the New Mizuno","3"," I am looking to get the new mizuno (the V ST), and I have been told to get it from amazon.jp but I get a message saying that ""the seller does not ship this product outside of japan."" I have also found seeming reliable sellers on ebay who sell at about the same price as amazon.jp. What's the best place to get mizuno tech suits from and what's a good price to look for?",FALSE
"160","Choose from more than 300 Heroes, each with his or her own unique skills ‚Äì Raid Shadow Legends Download to your PC for Free!","2"," No Text",TRUE
"161","improve my 2 mile swim","1"," Looking for a pool workout to improve my 2 mile swim (open water). Preferably 3-4 days of training / week.",FALSE
"162","Chinese swim star Sun Yang banned 8 years after he loses doping hearing","13"," No Text",FALSE
"163","College Swimming Eligibility","1"," If I turn 19 my senior year of high school, does that effect swimming eligibility in college?  Thanks",FALSE
"164","Relays on Saturday","2"," How can I prepare today for 50 fly and a 100 IM? Note: For a high school swimmer",FALSE
"165","I am getting old and as a non swimmer I would like to be in the peak stamina and swimming form in my life. What distance target should I set for this year?","6"," I am a 29 year old Bangladeshi guy. I really love swimming but I never got the opportunity for proper training. There were no coaches and there was no lane management but I managed to learn some very basic swimming skills by reading books and youtube. I only had 40 minutes or so in the water every weekend at 12am with people almost drowning you by not following proper lane etiquette. I could swim 3km in the pool without getting my feet down although I did have to pick up my breath while lying on the side. Although I still cant tread water efficiently for more than half a minute (my eggbeater and breaststroke kicks are useless for treading). That was 3 years ago. Keep in mind thst I did have a coach but he was only interested in teaching basics to new swimmers. And there are no structured coaching systems in place that will train you to be an athlete. Now I see that I am getting old and tired. I cant even walk a flight of stairs without panting. I would like to get the best stamina in my life and be in the best in swimming form in my life before I get old and more out of shape. This is not a competition among others but something like a get into the best shape of your life of sorts. I am out of home for 14hr 5 days a week Sun to Thurs. I recharge on Friday so I will be able to attend the 40 minutes (its one hr but 20 minute is getting ready and down and 20 minute is getting up) on every Saturday at noon from now till November. I was wondering what would be a realistic goal to set for the end of the year. That is how far in distance should I set a target? 3 km, 5km? I am more interested in distance than in speed.",FALSE
"166","Underwaters for dummies","4"," Joined my masters swim club I'm newish so the coach is real nice and gives us newbies some adapted workouts as we wouldn't be able to keep up with the general group/veterans and we keep getting tips on form as she cycles through the lanes. Like i'm really grateful for that coach. So for the first time in my life, i had to do underwaters and i just... don't ...understand them?! She was dealing with other lanes while i executed the set that had them and didn't think about it until after i was back home lol I know the theory and how it is a LOT faster, but i'm wondering if anyone can deconstruct it for a beginner like me. How do you start doing them and figure out your breathing, body movement, etc",FALSE
"167","Swimming NYC Training","1"," So I‚Äôve started training for my first triathlon.  And while I‚Äôve been doing well with the running and biking the swimming has been a bit of a different story. I know how to swim, I‚Äôm not scared of the water or anything but I‚Äôm having a really hard time with my breathing I think and it‚Äôs preventing me from really getting in good sessions. I‚Äôm finding myself taking a break every other or every lap to catch my breath. I was wondering if there‚Äôs anybody on here that lives in or near NYC that would be down to help me out with my swimming once or twice? Would gift a nice 12 pack of craft beer or pay some cash whatever you‚Äôre into. Just tryna not drown in the Hudson when I compete in my first race in July haha",FALSE
"168","Aerial shot of breaststroker mid-pullout","8"," No Text",TRUE
"169","It‚Äôs 2020! Time to make the donuts! And by donuts we mean $$$. Stir things up and create your professional eCommerce site today with Square Online Store. Start selling fast. No up-front costs. No monthly fees. Only pay when you make a sale‚Äîjust 2.9% +30¬¢ per transaction. Now let‚Äôs dig in!","37"," No Text",TRUE
"170","2/28 Friday Masters Workout - Short Course","4"," For those that would like some variation and/or a more structured workout, I provide for you our groups workout from today. Our workouts are split into 5 different skill levels. Choose the column that works best for you and if you find that you are consistently getting more rest than column 5, move up a level. Because this is Masters, feel free to add/subtract/or modify in anyway you see fit. Here is a link to my google drive with previous workouts - https://drive.google.com/drive/folders/1tHrMzBZWcVHQcs03vZX8rNQ73mdyR1j7?usp=sharing If you are interested in joining a masters swim club, here is a link to help you find a local club near you. https://www.usms.org/clubs Notes for this set: -Descend = Maintain a given pace within the distance, but get faster as you work through the set (descend in time/pace)",FALSE
"171","What now?","2"," I finished 0 to 1650 last year and moved onto the five workouts on Ruth‚Äôs website. I‚Äôve gone through them twice but going back to the first few and not using fins I‚Äôve noticed a decrease in my form. So: is there a new set of workouts that I should be doing? I imagine these would involve drills with the fins, board, and buoy. Are there any other types I should try as well? Sorry if this has been posted a million times before. Tl:dr graduated 0 to 1650 doing drill based workouts with equipment. would like new ones.",FALSE
"172","Sun Yang Guilty","16"," No Text",FALSE
"173","How should I pace the 200 fly and the 400 IM?","3"," I'm swimming only the 200 fly and the 400 IM on the same day and I'm not sure how I should swim them without tiring myself out. Both events are several hours apart.",FALSE
"174","Swimming tryouts!!! Help!!!","2"," As the title may suggest...I‚Äôll be trying out for swimming but I need help. And a bit of background... I started swimming at 3 1/2 years old (self taught) just learned with a life vest on! Anyway, like I said I‚Äôll be trying out but I need help/ tips for the tryouts. I‚Äôm a junior in high school at the moment and throughout the 3 years I‚Äôve been on the wrestling team but I wanted to try something new. I‚Äôm not a horrible swimmer but I just need advice on what to practice on for tryouts as I‚Äôve never done competitive swimming and only sports I‚Äôve ever played are softball and wrestling. Please help!!!",FALSE
"175","Chinese swimmer Sun Yang banned for eight years for breaking anti-doping rules","8"," No Text",FALSE
"176","What will happen with with Sun Yang's medals?","0"," I belive the title explains my question enough.",FALSE
"177","Swim instructor itchy skin","16"," Hello all I teach in a really warm pool for about 9 and a 1/2 hours  a week and have been itching and have had a lot of dry skin any special lotion or shampoo that y‚Äôall use. I‚Äôve tried Vaseline before and it helps a little but not much.",FALSE
"178","How do you keep goggles from fogging up?","85"," I recently got some new goggles for this season. For the first few days of practicing with them, they didn‚Äôt fog up at all. Now they fog up just as much as my old goggles, so about every 5 minutes. Is there any way to get them back to how they used to be when they didn‚Äôt fog up at all?",FALSE
"179","Guys: Do you know what actually looks good on you? Take our 3-minute quiz to find out.","7"," No Text",TRUE
